month,predicted_next_month_pressure,proba_low,proba_medium,proba_high
2026-02-01,high,3.575511974867634e-05,0.00337998280553753,0.9965842620747138
