month,predicted_next_month_pressure,proba_low,proba_medium,proba_high
2026-02-01,medium,0.17558800700088334,0.7490763375550998,0.0753356554440168
