month,predicted_next_month_pressure,proba_low,proba_medium,proba_high
2026-03-01,medium,0.05324574283021335,0.5620895684636013,0.3846646887061855
