month,predicted_next_month_pressure,proba_low,proba_medium,proba_high
2026-02-01,high,0.00018617189857948537,0.11940150167395837,0.8804123264274621
