month,predicted_next_month_pressure,proba_low,proba_medium,proba_high
2026-01-01,high,0.0006774429974011539,0.336439017644349,0.6628835393582498
