month,predicted_next_month_pressure,proba_low,proba_medium,proba_high
2026-02-01,high,1.6170160362303683e-06,0.00022763443765491586,0.999770748546309
