month,predicted_next_month_pressure,proba_low,proba_medium,proba_high
2026-03-01,medium,0.05324574282888839,0.5620895684716762,0.38466468869943543
