month,predicted_next_month_pressure,proba_low,proba_medium,proba_high
2026-02-01,medium,0.2881787099827878,0.6509491209972802,0.0608721690199321
