{
  "best_model": "gradient_boosting",
  "selection_metric": "macro_f1",
  "n_rows_total": 338,
  "n_rows_train": 326,
  "n_rows_test": 12,
  "feature_count": 30,
  "accuracy": 0.4166666666666667,
  "macro_f1": 0.3111111111111111,
  "train_class_distribution": {
    "low": 121,
    "medium": 110,
    "high": 95
  },
  "test_class_distribution": {
    "high": 8,
    "medium": 3,
    "low": 1
  },
  "predicted_class_distribution": {
    "high": 7,
    "low": 3,
    "medium": 2
  },
  "labels_in_test": [
    "high",
    "low",
    "medium"
  ],
  "classification_report": {
    "low": {
      "precision": 0.0,
      "recall": 0.0,
      "f1-score": 0.0,
      "support": 1.0
    },
    "medium": {
      "precision": 0.5,
      "recall": 0.3333333333333333,
      "f1-score": 0.4,
      "support": 3.0
    },
    "high": {
      "precision": 0.5714285714285714,
      "recall": 0.5,
      "f1-score": 0.5333333333333333,
      "support": 8.0
    },
    "accuracy": 0.4166666666666667,
    "macro avg": {
      "precision": 0.35714285714285715,
      "recall": 0.27777777777777773,
      "f1-score": 0.3111111111111111,
      "support": 12.0
    },
    "weighted avg": {
      "precision": 0.5059523809523809,
      "recall": 0.4166666666666667,
      "f1-score": 0.45555555555555555,
      "support": 12.0
    }
  },
  "confusion_matrix": [
    [
      0,
      0,
      1
    ],
    [
      0,
      1,
      2
    ],
    [
      3,
      1,
      4
    ]
  ],
  "model_results": {
    "logistic_regression": {
      "model_name": "logistic_regression",
      "accuracy": 0.5833333333333334,
      "macro_f1": 0.24561403508771928,
      "predicted_class_distribution": {
        "high": 11,
        "low": 1
      },
      "classification_report": {
        "low": {
          "precision": 0.0,
          "recall": 0.0,
          "f1-score": 0.0,
          "support": 1.0
        },
        "medium": {
          "precision": 0.0,
          "recall": 0.0,
          "f1-score": 0.0,
          "support": 3.0
        },
        "high": {
          "precision": 0.6363636363636364,
          "recall": 0.875,
          "f1-score": 0.7368421052631579,
          "support": 8.0
        },
        "accuracy": 0.5833333333333334,
        "macro avg": {
          "precision": 0.21212121212121213,
          "recall": 0.2916666666666667,
          "f1-score": 0.24561403508771928,
          "support": 12.0
        },
        "weighted avg": {
          "precision": 0.42424242424242425,
          "recall": 0.5833333333333334,
          "f1-score": 0.49122807017543857,
          "support": 12.0
        }
      },
      "confusion_matrix": [
        [
          0,
          0,
          1
        ],
        [
          0,
          0,
          3
        ],
        [
          1,
          0,
          7
        ]
      ]
    },
    "gradient_boosting": {
      "model_name": "gradient_boosting",
      "accuracy": 0.4166666666666667,
      "macro_f1": 0.3111111111111111,
      "predicted_class_distribution": {
        "high": 7,
        "low": 3,
        "medium": 2
      },
      "classification_report": {
        "low": {
          "precision": 0.0,
          "recall": 0.0,
          "f1-score": 0.0,
          "support": 1.0
        },
        "medium": {
          "precision": 0.5,
          "recall": 0.3333333333333333,
          "f1-score": 0.4,
          "support": 3.0
        },
        "high": {
          "precision": 0.5714285714285714,
          "recall": 0.5,
          "f1-score": 0.5333333333333333,
          "support": 8.0
        },
        "accuracy": 0.4166666666666667,
        "macro avg": {
          "precision": 0.35714285714285715,
          "recall": 0.27777777777777773,
          "f1-score": 0.3111111111111111,
          "support": 12.0
        },
        "weighted avg": {
          "precision": 0.5059523809523809,
          "recall": 0.4166666666666667,
          "f1-score": 0.45555555555555555,
          "support": 12.0
        }
      },
      "confusion_matrix": [
        [
          0,
          0,
          1
        ],
        [
          0,
          1,
          2
        ],
        [
          3,
          1,
          4
        ]
      ]
    }
  },
  "test_months": [
    "2025-03-01",
    "2025-04-01",
    "2025-05-01",
    "2025-06-01",
    "2025-07-01",
    "2025-08-01",
    "2025-09-01",
    "2025-10-01",
    "2025-11-01",
    "2025-12-01",
    "2026-01-01",
    "2026-02-01"
  ]
}