{
  "best_model": "gradient_boosting",
  "selection_metric": "macro_f1",
  "n_rows_total": 338,
  "n_rows_train": 326,
  "n_rows_test": 12,
  "feature_count": 30,
  "accuracy": 0.25,
  "macro_f1": 0.2611111111111111,
  "train_class_distribution": {
    "low": 121,
    "medium": 110,
    "high": 95
  },
  "test_class_distribution": {
    "high": 8,
    "medium": 3,
    "low": 1
  },
  "predicted_class_distribution": {
    "low": 7,
    "medium": 3,
    "high": 2
  },
  "labels_in_test": [
    "high",
    "low",
    "medium"
  ],
  "classification_report": {
    "low": {
      "precision": 0.14285714285714285,
      "recall": 1.0,
      "f1-score": 0.25,
      "support": 1.0
    },
    "medium": {
      "precision": 0.3333333333333333,
      "recall": 0.3333333333333333,
      "f1-score": 0.3333333333333333,
      "support": 3.0
    },
    "high": {
      "precision": 0.5,
      "recall": 0.125,
      "f1-score": 0.2,
      "support": 8.0
    },
    "accuracy": 0.25,
    "macro avg": {
      "precision": 0.3253968253968254,
      "recall": 0.4861111111111111,
      "f1-score": 0.26111111111111107,
      "support": 12.0
    },
    "weighted avg": {
      "precision": 0.42857142857142855,
      "recall": 0.25,
      "f1-score": 0.23750000000000002,
      "support": 12.0
    }
  },
  "confusion_matrix": [
    [
      1,
      0,
      0
    ],
    [
      1,
      1,
      1
    ],
    [
      5,
      2,
      1
    ]
  ],
  "model_results": {
    "logistic_regression": {
      "model_name": "logistic_regression",
      "accuracy": 0.25,
      "macro_f1": 0.21666666666666667,
      "predicted_class_distribution": {
        "low": 7,
        "medium": 3,
        "high": 2
      },
      "classification_report": {
        "low": {
          "precision": 0.14285714285714285,
          "recall": 1.0,
          "f1-score": 0.25,
          "support": 1.0
        },
        "medium": {
          "precision": 0.0,
          "recall": 0.0,
          "f1-score": 0.0,
          "support": 3.0
        },
        "high": {
          "precision": 1.0,
          "recall": 0.25,
          "f1-score": 0.4,
          "support": 8.0
        },
        "accuracy": 0.25,
        "macro avg": {
          "precision": 0.38095238095238093,
          "recall": 0.4166666666666667,
          "f1-score": 0.21666666666666667,
          "support": 12.0
        },
        "weighted avg": {
          "precision": 0.6785714285714285,
          "recall": 0.25,
          "f1-score": 0.28750000000000003,
          "support": 12.0
        }
      },
      "confusion_matrix": [
        [
          1,
          0,
          0
        ],
        [
          3,
          0,
          0
        ],
        [
          3,
          3,
          2
        ]
      ]
    },
    "gradient_boosting": {
      "model_name": "gradient_boosting",
      "accuracy": 0.25,
      "macro_f1": 0.2611111111111111,
      "predicted_class_distribution": {
        "low": 7,
        "medium": 3,
        "high": 2
      },
      "classification_report": {
        "low": {
          "precision": 0.14285714285714285,
          "recall": 1.0,
          "f1-score": 0.25,
          "support": 1.0
        },
        "medium": {
          "precision": 0.3333333333333333,
          "recall": 0.3333333333333333,
          "f1-score": 0.3333333333333333,
          "support": 3.0
        },
        "high": {
          "precision": 0.5,
          "recall": 0.125,
          "f1-score": 0.2,
          "support": 8.0
        },
        "accuracy": 0.25,
        "macro avg": {
          "precision": 0.3253968253968254,
          "recall": 0.4861111111111111,
          "f1-score": 0.26111111111111107,
          "support": 12.0
        },
        "weighted avg": {
          "precision": 0.42857142857142855,
          "recall": 0.25,
          "f1-score": 0.23750000000000002,
          "support": 12.0
        }
      },
      "confusion_matrix": [
        [
          1,
          0,
          0
        ],
        [
          1,
          1,
          1
        ],
        [
          5,
          2,
          1
        ]
      ]
    }
  },
  "test_months": [
    "2025-03-01",
    "2025-04-01",
    "2025-05-01",
    "2025-06-01",
    "2025-07-01",
    "2025-08-01",
    "2025-09-01",
    "2025-10-01",
    "2025-11-01",
    "2025-12-01",
    "2026-01-01",
    "2026-02-01"
  ]
}