{
  "best_model": "logistic_regression",
  "selection_metric": "macro_f1",
  "n_rows_total": 339,
  "n_rows_train": 327,
  "n_rows_test": 12,
  "feature_count": 30,
  "accuracy": 0.25,
  "macro_f1": 0.3494949494949495,
  "train_class_distribution": {
    "low": 121,
    "medium": 111,
    "high": 95
  },
  "test_class_distribution": {
    "high": 9,
    "medium": 2,
    "low": 1
  },
  "predicted_class_distribution": {
    "medium": 9,
    "low": 2,
    "high": 1
  },
  "labels_in_test": [
    "high",
    "low",
    "medium"
  ],
  "classification_report": {
    "low": {
      "precision": 0.5,
      "recall": 1.0,
      "f1-score": 0.6666666666666666,
      "support": 1.0
    },
    "medium": {
      "precision": 0.1111111111111111,
      "recall": 0.5,
      "f1-score": 0.18181818181818182,
      "support": 2.0
    },
    "high": {
      "precision": 1.0,
      "recall": 0.1111111111111111,
      "f1-score": 0.2,
      "support": 9.0
    },
    "accuracy": 0.25,
    "macro avg": {
      "precision": 0.5370370370370371,
      "recall": 0.5370370370370371,
      "f1-score": 0.34949494949494947,
      "support": 12.0
    },
    "weighted avg": {
      "precision": 0.8101851851851851,
      "recall": 0.25,
      "f1-score": 0.23585858585858585,
      "support": 12.0
    }
  },
  "confusion_matrix": [
    [
      1,
      0,
      0
    ],
    [
      1,
      1,
      0
    ],
    [
      0,
      8,
      1
    ]
  ],
  "model_results": {
    "logistic_regression": {
      "model_name": "logistic_regression",
      "accuracy": 0.25,
      "macro_f1": 0.3494949494949495,
      "predicted_class_distribution": {
        "medium": 9,
        "low": 2,
        "high": 1
      },
      "classification_report": {
        "low": {
          "precision": 0.5,
          "recall": 1.0,
          "f1-score": 0.6666666666666666,
          "support": 1.0
        },
        "medium": {
          "precision": 0.1111111111111111,
          "recall": 0.5,
          "f1-score": 0.18181818181818182,
          "support": 2.0
        },
        "high": {
          "precision": 1.0,
          "recall": 0.1111111111111111,
          "f1-score": 0.2,
          "support": 9.0
        },
        "accuracy": 0.25,
        "macro avg": {
          "precision": 0.5370370370370371,
          "recall": 0.5370370370370371,
          "f1-score": 0.34949494949494947,
          "support": 12.0
        },
        "weighted avg": {
          "precision": 0.8101851851851851,
          "recall": 0.25,
          "f1-score": 0.23585858585858585,
          "support": 12.0
        }
      },
      "confusion_matrix": [
        [
          1,
          0,
          0
        ],
        [
          1,
          1,
          0
        ],
        [
          0,
          8,
          1
        ]
      ]
    },
    "gradient_boosting": {
      "model_name": "gradient_boosting",
      "accuracy": 0.16666666666666666,
      "macro_f1": 0.2074074074074074,
      "predicted_class_distribution": {
        "medium": 7,
        "low": 4,
        "high": 1
      },
      "classification_report": {
        "low": {
          "precision": 0.25,
          "recall": 1.0,
          "f1-score": 0.4,
          "support": 1.0
        },
        "medium": {
          "precision": 0.14285714285714285,
          "recall": 0.5,
          "f1-score": 0.2222222222222222,
          "support": 2.0
        },
        "high": {
          "precision": 0.0,
          "recall": 0.0,
          "f1-score": 0.0,
          "support": 9.0
        },
        "accuracy": 0.16666666666666666,
        "macro avg": {
          "precision": 0.13095238095238096,
          "recall": 0.5,
          "f1-score": 0.2074074074074074,
          "support": 12.0
        },
        "weighted avg": {
          "precision": 0.044642857142857144,
          "recall": 0.16666666666666666,
          "f1-score": 0.07037037037037037,
          "support": 12.0
        }
      },
      "confusion_matrix": [
        [
          1,
          0,
          0
        ],
        [
          0,
          1,
          1
        ],
        [
          3,
          6,
          0
        ]
      ]
    }
  },
  "test_months": [
    "2025-04-01",
    "2025-05-01",
    "2025-06-01",
    "2025-07-01",
    "2025-08-01",
    "2025-09-01",
    "2025-10-01",
    "2025-11-01",
    "2025-12-01",
    "2026-01-01",
    "2026-02-01",
    "2026-03-01"
  ]
}